group,specification,threshold,B,B_se,M,M_se,dLTV,dLTV_se,elasticity,elasticity_se,N
Main estimates,LTV = 50,50,7.47,0.31,-0.83,0.16,2.57,0.16,0.25,0.03,35747
Main estimates,LTV = 70,70,12.93,0.38,-1.43,0.2,2.73,0.12,0.15,0.01,39946
Distance from payment constraint; LTV = 50,Near constraint (< 5;000 SEK),50,5.01,0.49,-0.49,0.27,1.98,0.27,0.15,0.04,13350
Distance from payment constraint; LTV = 50,Intermediate,50,10.17,0.63,-0.9,0.32,3.45,0.34,0.45,0.09,10471
Distance from payment constraint; LTV = 50,Far from constraint (> 15;000 SEK),50,9.41,0.7,-1.34,0.32,2.92,0.3,0.32,0.06,10182
Distance from payment constraint; LTV = 70,Near constraint,70,13.16,0.58,-1.28,0.32,2.84,0.2,0.16,0.02,15949
Distance from payment constraint; LTV = 70,Intermediate,70,13.29,0.71,-0.94,0.4,2.92,0.22,0.17,0.02,12127
Distance from payment constraint; LTV = 70,Far from constraint,70,13.1,0.96,-2.15,0.42,2.57,0.24,0.13,0.02,10242
Valuation method; LTV = 50,Refinancer; internal valuation,50,7.1,0.34,-0.81,0.19,2.44,0.17,0.23,0.03,28588
Valuation method; LTV = 50,Refinancer; external valuation,50,7.38,0.88,-0.81,0.48,2.89,0.47,0.32,0.1,4948
Valuation method; LTV = 50,Home buyer; purchase price,50,9.3,1.46,-1.25,0.76,2.18,0.56,0.18,0.09,2211
Valuation method; LTV = 70,Refinancer; internal valuation,70,12.88,0.43,-1.38,0.24,2.72,0.13,0.15,0.01,30500
Valuation method; LTV = 70,Refinancer; external valuation,70,6.4,1.05,-0.53,0.66,1.17,0.23,0.03,0.01,5111
Valuation method; LTV = 70,Home buyer; purchase price,70,19.13,1.01,-1.68,0.54,5.36,0.63,0.54,0.12,4335
Excluded window; LTV = 50 (0.5pp bins),L = 47.5; U = 50.5,50,8.0,0.34,-0.26,0.09,3.05,0.18,0.35,0.04,35747
Excluded window; LTV = 50 (0.5pp bins),L = 48; U = 51,50,7.92,0.34,-0.64,0.14,2.91,0.18,0.32,0.04,35747
Excluded window; LTV = 50 (0.5pp bins),L = 48.5; U = 51.5 (preferred),50,7.47,0.31,-0.83,0.16,2.57,0.16,0.25,0.03,35747
Excluded window; LTV = 50 (0.5pp bins),L = 49; U = 52,50,7.12,0.3,-0.88,0.2,2.26,0.15,0.19,0.03,35747
Excluded window; LTV = 50 (0.5pp bins),L = 49.5; U = 52.5,50,6.43,0.27,-1.1,0.23,1.8,0.12,0.12,0.02,35747
Excluded window; LTV = 70 (0.5pp bins),L = 67.5; U = 70.5,70,13.82,0.41,-0.48,0.11,3.36,0.14,0.22,0.02,39946
Excluded window; LTV = 70 (0.5pp bins),L = 68; U = 71,70,13.43,0.39,-0.75,0.16,3.06,0.13,0.18,0.01,39946
Excluded window; LTV = 70 (0.5pp bins),L = 68.5; U = 71.5 (preferred),70,12.93,0.38,-1.43,0.2,2.73,0.12,0.15,0.01,39946
Excluded window; LTV = 70 (0.5pp bins),L = 69; U = 72,70,12.28,0.37,-1.88,0.23,2.29,0.1,0.1,0.01,39946
Excluded window; LTV = 70 (0.5pp bins),L = 69.5; U = 72.5,70,10.75,0.34,-2.5,0.26,1.75,0.08,0.06,0.01,39946
